company,trigger,score
(subscribers only),(subscribers only),88
(subscribers only),(subscribers only),85
Atomic One,"€5.6M two-tranche round (Arcano Partners), EU-Startups, as of 31 Jul 2026",80
Intropy,"$11M seed led by Felix Capital, Tech.eu, as of 30 Jul 2026",79
Qureight,"$20M Series B, Tech.eu, as of 29 Jul 2026",76
Keiron Printing Technologies,"€20.7M Series A co-led by Invest-NL, DeepTechXL, Waves Capital, EU-Startups, as of 31 Jul 2026",72
Centralize (Ryan Williams / private credit AI),"$10M seed for AI startup for private credit managers, TechCrunch, as of 31 Jul 2026",66
Cascade,"$3.5M seed, TechCrunch, as of 22 Jul 2026",58
Sowilo,"Pre-seed round (amount undisclosed), Tech.eu, as of 21 Jul 2026",52
